Source,GEO,LIBELLE,GEO_OBJECT,2019,2024,Evolution_nbr,Evolution_pct
lycee_denseignement_technique_,F,france_entiere,FRANCE,824,817,-7,-0.849514563106796
lycee_denseignement_technique_,FM,france_metropole,FRANCE,797,787,-10,-1.25470514429109
lycee_denseignement_technique_,01,ain,DEP,10,9,-1,-10
lycee_denseignement_technique_,02,aisne,DEP,7,7,0,0
lycee_denseignement_technique_,03,allier,DEP,7,7,0,0
lycee_denseignement_technique_,04,alpes_de_haute_provence,DEP,1,2,1,100
lycee_denseignement_technique_,05,hautes_alpes,DEP,2,2,0,0
lycee_denseignement_technique_,06,alpes_maritimes,DEP,1,1,0,0
lycee_denseignement_technique_,07,ardeche,DEP,5,4,-1,-20
lycee_denseignement_technique_,08,ardennes,DEP,4,4,0,0
lycee_denseignement_technique_,09,ariege,DEP,1,1,0,0
lycee_denseignement_technique_,10,aube,DEP,4,4,0,0
lycee_denseignement_technique_,11,aude,DEP,8,8,0,0
lycee_denseignement_technique_,12,aveyron,DEP,10,10,0,0
lycee_denseignement_technique_,13,bouches_du_rhone,DEP,11,13,2,18.1818181818182
lycee_denseignement_technique_,14,calvados,DEP,10,9,-1,-10
lycee_denseignement_technique_,15,cantal,DEP,7,6,-1,-14.2857142857143
lycee_denseignement_technique_,16,charente,DEP,10,10,0,0
lycee_denseignement_technique_,17,charente_maritime,DEP,15,15,0,0
lycee_denseignement_technique_,18,cher,DEP,2,2,0,0
lycee_denseignement_technique_,19,correze,DEP,4,4,0,0
lycee_denseignement_technique_,21,cote_d'or,DEP,12,11,-1,-8.33333333333333
lycee_denseignement_technique_,22,cotes_d'armor,DEP,11,12,1,9.09090909090909
lycee_denseignement_technique_,23,creuse,DEP,1,1,0,0
lycee_denseignement_technique_,24,dordogne,DEP,9,8,-1,-11.1111111111111
lycee_denseignement_technique_,25,doubs,DEP,11,11,0,0
lycee_denseignement_technique_,26,drome,DEP,10,10,0,0
lycee_denseignement_technique_,27,eure,DEP,6,6,0,0
lycee_denseignement_technique_,28,eure_et_loir,DEP,7,7,0,0
lycee_denseignement_technique_,29,finistere,DEP,18,16,-2,-11.1111111111111
lycee_denseignement_technique_,2A,corse_du_sud,DEP,1,1,0,0
lycee_denseignement_technique_,2B,haute_corse,DEP,1,1,0,0
lycee_denseignement_technique_,30,gard,DEP,8,8,0,0
lycee_denseignement_technique_,31,haute_garonne,DEP,8,8,0,0
lycee_denseignement_technique_,32,gers,DEP,6,6,0,0
lycee_denseignement_technique_,33,gironde,DEP,16,15,-1,-6.25
lycee_denseignement_technique_,34,herault,DEP,11,11,0,0
lycee_denseignement_technique_,35,ille_et_vilaine,DEP,23,23,0,0
lycee_denseignement_technique_,36,indre,DEP,2,2,0,0
lycee_denseignement_technique_,37,indre_et_loire,DEP,12,11,-1,-8.33333333333333
lycee_denseignement_technique_,38,isere,DEP,22,22,0,0
lycee_denseignement_technique_,39,jura,DEP,5,5,0,0
lycee_denseignement_technique_,40,landes,DEP,10,10,0,0
lycee_denseignement_technique_,41,loir_et_cher,DEP,7,7,0,0
lycee_denseignement_technique_,42,loire,DEP,15,15,0,0
lycee_denseignement_technique_,43,haute_loire,DEP,6,6,0,0
lycee_denseignement_technique_,44,loire_atlantique,DEP,28,27,-1,-3.57142857142857
lycee_denseignement_technique_,45,loiret,DEP,10,10,0,0
lycee_denseignement_technique_,46,lot,DEP,4,3,-1,-25
lycee_denseignement_technique_,47,lot_et_garonne,DEP,11,11,0,0
lycee_denseignement_technique_,48,lozere,DEP,4,4,0,0
lycee_denseignement_technique_,49,maine_et_loire,DEP,24,24,0,0
lycee_denseignement_technique_,50,manche,DEP,16,14,-2,-12.5
lycee_denseignement_technique_,51,marne,DEP,7,7,0,0
lycee_denseignement_technique_,52,haute_marne,DEP,4,4,0,0
lycee_denseignement_technique_,53,mayenne,DEP,11,11,0,0
lycee_denseignement_technique_,54,meurthe_et_moselle,DEP,3,3,0,0
lycee_denseignement_technique_,55,meuse,DEP,7,7,0,0
lycee_denseignement_technique_,56,morbihan,DEP,12,12,0,0
lycee_denseignement_technique_,57,moselle,DEP,2,2,0,0
lycee_denseignement_technique_,58,nievre,DEP,6,5,-1,-16.6666666666667
lycee_denseignement_technique_,59,nord,DEP,17,18,1,5.88235294117647
lycee_denseignement_technique_,60,oise,DEP,10,10,0,0
lycee_denseignement_technique_,61,orne,DEP,13,13,0,0
lycee_denseignement_technique_,62,pas_de_calais,DEP,14,14,0,0
lycee_denseignement_technique_,63,puy_de_dome,DEP,10,10,0,0
lycee_denseignement_technique_,64,pyrenees_atlantiques,DEP,12,12,0,0
lycee_denseignement_technique_,65,hautes_pyrenees,DEP,2,2,0,0
lycee_denseignement_technique_,66,pyrenees_orientales,DEP,4,4,0,0
lycee_denseignement_technique_,67,bas_rhin,DEP,3,3,0,0
lycee_denseignement_technique_,68,haut_rhin,DEP,2,2,0,0
lycee_denseignement_technique_,69,rhone,DEP,16,16,0,0
lycee_denseignement_technique_,70,haute_saone,DEP,8,8,0,0
lycee_denseignement_technique_,71,saone_et_loire,DEP,11,11,0,0
lycee_denseignement_technique_,72,sarthe,DEP,13,13,0,0
lycee_denseignement_technique_,73,savoie,DEP,3,3,0,0
lycee_denseignement_technique_,74,haute_savoie,DEP,16,16,0,0
lycee_denseignement_technique_,75,paris,DEP,1,1,0,0
lycee_denseignement_technique_,76,seine_maritime,DEP,12,12,0,0
lycee_denseignement_technique_,77,seine_et_marne,DEP,3,4,1,33.3333333333333
lycee_denseignement_technique_,78,yvelines,DEP,6,7,1,16.6666666666667
lycee_denseignement_technique_,79,deux_sevres,DEP,15,15,0,0
lycee_denseignement_technique_,80,somme,DEP,12,11,-1,-8.33333333333333
lycee_denseignement_technique_,81,tarn,DEP,7,7,0,0
lycee_denseignement_technique_,82,tarn_et_garonne,DEP,6,6,0,0
lycee_denseignement_technique_,83,var,DEP,3,3,0,0
lycee_denseignement_technique_,84,vaucluse,DEP,11,11,0,0
lycee_denseignement_technique_,85,vendee,DEP,24,23,-1,-4.16666666666667
lycee_denseignement_technique_,86,vienne,DEP,10,9,-1,-10
lycee_denseignement_technique_,87,haute_vienne,DEP,4,4,0,0
lycee_denseignement_technique_,88,vosges,DEP,9,9,0,0
lycee_denseignement_technique_,89,yonne,DEP,6,6,0,0
lycee_denseignement_technique_,90,territoire_de_belfort,DEP,1,1,0,0
lycee_denseignement_technique_,91,essonne,DEP,3,4,1,33.3333333333333
lycee_denseignement_technique_,92,hauts_de_seine,DEP,1,1,0,0
lycee_denseignement_technique_,93,seine_saint_denis,DEP,1,1,0,0
lycee_denseignement_technique_,95,val_d'oise,DEP,2,2,0,0
lycee_denseignement_technique_,971,guadeloupe,DEP,6,7,1,16.6666666666667
lycee_denseignement_technique_,972,martinique,DEP,5,5,0,0
lycee_denseignement_technique_,973,guyane,DEP,5,6,1,20
lycee_denseignement_technique_,974,la_reunion,DEP,8,8,0,0
lycee_denseignement_technique_,976,mayotte,DEP,3,4,1,33.3333333333333
agence_postale,F,france_entiere,FRANCE,6341,7086,745,11.7489354991326
agence_postale,FM,france_metropole,FRANCE,6308,7049,741,11.7469879518072
agence_postale,01,ain,DEP,56,60,4,7.14285714285714
agence_postale,02,aisne,DEP,78,87,9,11.5384615384615
agence_postale,03,allier,DEP,93,105,12,12.9032258064516
agence_postale,04,alpes_de_haute_provence,DEP,46,51,5,10.8695652173913
agence_postale,05,hautes_alpes,DEP,53,55,2,3.77358490566038
agence_postale,06,alpes_maritimes,DEP,70,73,3,4.28571428571429
agence_postale,07,ardeche,DEP,104,115,11,10.5769230769231
agence_postale,08,ardennes,DEP,38,43,5,13.1578947368421
agence_postale,09,ariege,DEP,53,57,4,7.54716981132075
agence_postale,10,aube,DEP,33,39,6,18.1818181818182
agence_postale,11,aude,DEP,123,137,14,11.3821138211382
agence_postale,12,aveyron,DEP,115,120,5,4.34782608695652
agence_postale,13,bouches_du_rhone,DEP,15,31,16,106.666666666667
agence_postale,14,calvados,DEP,70,80,10,14.2857142857143
agence_postale,15,cantal,DEP,74,82,8,10.8108108108108
agence_postale,16,charente,DEP,101,107,6,5.94059405940594
agence_postale,17,charente_maritime,DEP,120,129,9,7.5
agence_postale,18,cher,DEP,93,98,5,5.37634408602151
agence_postale,19,correze,DEP,94,107,13,13.8297872340426
agence_postale,21,cote_d'or,DEP,93,106,13,13.9784946236559
agence_postale,22,cotes_d'armor,DEP,92,107,15,16.304347826087
agence_postale,23,creuse,DEP,55,64,9,16.3636363636364
agence_postale,24,dordogne,DEP,135,146,11,8.14814814814815
agence_postale,25,doubs,DEP,57,68,11,19.2982456140351
agence_postale,26,drome,DEP,70,81,11,15.7142857142857
agence_postale,27,eure,DEP,44,54,10,22.7272727272727
agence_postale,28,eure_et_loir,DEP,47,53,6,12.7659574468085
agence_postale,29,finistere,DEP,104,118,14,13.4615384615385
agence_postale,2A,corse_du_sud,DEP,32,31,-1,-3.125
agence_postale,2B,haute_corse,DEP,34,40,6,17.6470588235294
agence_postale,30,gard,DEP,76,82,6,7.89473684210526
agence_postale,31,haute_garonne,DEP,58,68,10,17.2413793103448
agence_postale,32,gers,DEP,36,39,3,8.33333333333333
agence_postale,33,gironde,DEP,136,149,13,9.55882352941176
agence_postale,34,herault,DEP,97,108,11,11.340206185567
agence_postale,35,ille_et_vilaine,DEP,85,88,3,3.52941176470588
agence_postale,36,indre,DEP,61,65,4,6.55737704918033
agence_postale,37,indre_et_loire,DEP,97,100,3,3.09278350515464
agence_postale,38,isere,DEP,121,119,-2,-1.65289256198347
agence_postale,39,jura,DEP,68,77,9,13.2352941176471
agence_postale,40,landes,DEP,73,85,12,16.4383561643836
agence_postale,41,loir_et_cher,DEP,57,62,5,8.7719298245614
agence_postale,42,loire,DEP,65,68,3,4.61538461538462
agence_postale,43,haute_loire,DEP,53,62,9,16.9811320754717
agence_postale,44,loire_atlantique,DEP,56,72,16,28.5714285714286
agence_postale,45,loiret,DEP,54,61,7,12.962962962963
agence_postale,46,lot,DEP,55,61,6,10.9090909090909
agence_postale,47,lot_et_garonne,DEP,73,89,16,21.9178082191781
agence_postale,48,lozere,DEP,27,41,14,51.8518518518518
agence_postale,49,maine_et_loire,DEP,93,94,1,1.0752688172043
agence_postale,50,manche,DEP,49,53,4,8.16326530612245
agence_postale,51,marne,DEP,62,65,3,4.83870967741935
agence_postale,52,haute_marne,DEP,74,76,2,2.7027027027027
agence_postale,53,mayenne,DEP,50,60,10,20
agence_postale,54,meurthe_et_moselle,DEP,56,68,12,21.4285714285714
agence_postale,55,meuse,DEP,67,70,3,4.47761194029851
agence_postale,56,morbihan,DEP,79,92,13,16.4556962025316
agence_postale,57,moselle,DEP,87,106,19,21.8390804597701
agence_postale,58,nievre,DEP,78,86,8,10.2564102564103
agence_postale,59,nord,DEP,77,114,37,48.0519480519481
agence_postale,60,oise,DEP,71,79,8,11.2676056338028
agence_postale,61,orne,DEP,45,45,0,0
agence_postale,62,pas_de_calais,DEP,71,82,11,15.4929577464789
agence_postale,63,puy_de_dome,DEP,101,105,4,3.96039603960396
agence_postale,64,pyrenees_atlantiques,DEP,56,63,7,12.5
agence_postale,65,hautes_pyrenees,DEP,45,46,1,2.22222222222222
agence_postale,66,pyrenees_orientales,DEP,64,72,8,12.5
agence_postale,67,bas_rhin,DEP,55,57,2,3.63636363636364
agence_postale,68,haut_rhin,DEP,48,48,0,0
agence_postale,69,rhone,DEP,69,72,3,4.34782608695652
agence_postale,70,haute_saone,DEP,73,79,6,8.21917808219178
agence_postale,71,saone_et_loire,DEP,103,119,16,15.5339805825243
agence_postale,72,sarthe,DEP,116,126,10,8.62068965517241
agence_postale,73,savoie,DEP,67,70,3,4.47761194029851
agence_postale,74,haute_savoie,DEP,56,58,2,3.57142857142857
agence_postale,76,seine_maritime,DEP,72,76,4,5.55555555555556
agence_postale,77,seine_et_marne,DEP,62,84,22,35.4838709677419
agence_postale,78,yvelines,DEP,43,54,11,25.5813953488372
agence_postale,79,deux_sevres,DEP,49,55,6,12.2448979591837
agence_postale,80,somme,DEP,72,89,17,23.6111111111111
agence_postale,81,tarn,DEP,45,49,4,8.88888888888889
agence_postale,82,tarn_et_garonne,DEP,43,45,2,4.65116279069767
agence_postale,83,var,DEP,32,48,16,50
agence_postale,84,vaucluse,DEP,34,46,12,35.2941176470588
agence_postale,85,vendee,DEP,86,91,5,5.81395348837209
agence_postale,86,vienne,DEP,86,94,8,9.30232558139535
agence_postale,87,haute_vienne,DEP,77,83,6,7.79220779220779
agence_postale,88,vosges,DEP,64,70,6,9.375
agence_postale,89,yonne,DEP,112,123,11,9.82142857142857
agence_postale,90,territoire_de_belfort,DEP,8,11,3,37.5
agence_postale,91,essonne,DEP,33,37,4,12.1212121212121
agence_postale,92,hauts_de_seine,DEP,3,9,6,200
agence_postale,93,seine_saint_denis,DEP,4,3,-1,-25
agence_postale,94,val_de_marne,DEP,8,10,2,25
agence_postale,95,val_d'oise,DEP,23,27,4,17.3913043478261
agence_postale,971,guadeloupe,DEP,3,2,-1,-33.3333333333333
agence_postale,972,martinique,DEP,3,3,0,0
agence_postale,973,guyane,DEP,6,6,0,0
agence_postale,974,la_reunion,DEP,14,20,6,42.8571428571429
agence_postale,976,mayotte,DEP,7,6,-1,-14.2857142857143
bureau_de_poste,F,france_entiere,FRANCE,8144,6738,-1406,-17.2642436149312
bureau_de_poste,FM,france_metropole,FRANCE,7939,6552,-1387,-17.4707141957425
bureau_de_poste,01,ain,DEP,67,58,-9,-13.4328358208955
bureau_de_poste,02,aisne,DEP,85,78,-7,-8.23529411764706
bureau_de_poste,03,allier,DEP,62,54,-8,-12.9032258064516
bureau_de_poste,04,alpes_de_haute_provence,DEP,48,42,-6,-12.5
bureau_de_poste,05,hautes_alpes,DEP,33,30,-3,-9.09090909090909
bureau_de_poste,06,alpes_maritimes,DEP,112,90,-22,-19.6428571428571
bureau_de_poste,07,ardeche,DEP,60,42,-18,-30
bureau_de_poste,08,ardennes,DEP,46,38,-8,-17.3913043478261
bureau_de_poste,09,ariege,DEP,45,40,-5,-11.1111111111111
bureau_de_poste,10,aube,DEP,38,34,-4,-10.5263157894737
bureau_de_poste,11,aude,DEP,103,82,-21,-20.3883495145631
bureau_de_poste,12,aveyron,DEP,53,50,-3,-5.66037735849057
bureau_de_poste,13,bouches_du_rhone,DEP,191,163,-28,-14.6596858638743
bureau_de_poste,14,calvados,DEP,95,73,-22,-23.1578947368421
bureau_de_poste,15,cantal,DEP,32,27,-5,-15.625
bureau_de_poste,16,charente,DEP,60,49,-11,-18.3333333333333
bureau_de_poste,17,charente_maritime,DEP,99,83,-16,-16.1616161616162
bureau_de_poste,18,cher,DEP,55,47,-8,-14.5454545454545
bureau_de_poste,19,correze,DEP,62,45,-17,-27.4193548387097
bureau_de_poste,21,cote_d'or,DEP,61,44,-17,-27.8688524590164
bureau_de_poste,22,cotes_d'armor,DEP,104,82,-22,-21.1538461538462
bureau_de_poste,23,creuse,DEP,51,40,-11,-21.5686274509804
bureau_de_poste,24,dordogne,DEP,88,74,-14,-15.9090909090909
bureau_de_poste,25,doubs,DEP,68,51,-17,-25
bureau_de_poste,26,drome,DEP,75,56,-19,-25.3333333333333
bureau_de_poste,27,eure,DEP,81,70,-11,-13.5802469135802
bureau_de_poste,28,eure_et_loir,DEP,52,43,-9,-17.3076923076923
bureau_de_poste,29,finistere,DEP,117,93,-24,-20.5128205128205
bureau_de_poste,2A,corse_du_sud,DEP,55,54,-1,-1.81818181818182
bureau_de_poste,2B,haute_corse,DEP,67,59,-8,-11.9402985074627
bureau_de_poste,30,gard,DEP,123,101,-22,-17.8861788617886
bureau_de_poste,31,haute_garonne,DEP,144,124,-20,-13.8888888888889
bureau_de_poste,32,gers,DEP,41,37,-4,-9.75609756097561
bureau_de_poste,33,gironde,DEP,184,149,-35,-19.0217391304348
bureau_de_poste,34,herault,DEP,159,140,-19,-11.9496855345912
bureau_de_poste,35,ille_et_vilaine,DEP,101,85,-16,-15.8415841584158
bureau_de_poste,36,indre,DEP,46,36,-10,-21.7391304347826
bureau_de_poste,37,indre_et_loire,DEP,73,59,-14,-19.1780821917808
bureau_de_poste,38,isere,DEP,125,100,-25,-20
bureau_de_poste,39,jura,DEP,36,29,-7,-19.4444444444444
bureau_de_poste,40,landes,DEP,70,55,-15,-21.4285714285714
bureau_de_poste,41,loir_et_cher,DEP,57,49,-8,-14.0350877192982
bureau_de_poste,42,loire,DEP,89,75,-14,-15.7303370786517
bureau_de_poste,43,haute_loire,DEP,46,38,-8,-17.3913043478261
bureau_de_poste,44,loire_atlantique,DEP,153,107,-46,-30.0653594771242
bureau_de_poste,45,loiret,DEP,66,54,-12,-18.1818181818182
bureau_de_poste,46,lot,DEP,40,36,-4,-10
bureau_de_poste,47,lot_et_garonne,DEP,61,38,-23,-37.7049180327869
bureau_de_poste,48,lozere,DEP,38,26,-12,-31.5789473684211
bureau_de_poste,49,maine_et_loire,DEP,88,72,-16,-18.1818181818182
bureau_de_poste,50,manche,DEP,71,59,-12,-16.9014084507042
bureau_de_poste,51,marne,DEP,60,50,-10,-16.6666666666667
bureau_de_poste,52,haute_marne,DEP,28,26,-2,-7.14285714285714
bureau_de_poste,53,mayenne,DEP,35,28,-7,-20
bureau_de_poste,54,meurthe_et_moselle,DEP,110,89,-21,-19.0909090909091
bureau_de_poste,55,meuse,DEP,29,27,-2,-6.89655172413793
bureau_de_poste,56,morbihan,DEP,104,79,-25,-24.0384615384615
bureau_de_poste,57,moselle,DEP,103,75,-28,-27.1844660194175
bureau_de_poste,58,nievre,DEP,46,40,-6,-13.0434782608696
bureau_de_poste,59,nord,DEP,298,246,-52,-17.4496644295302
bureau_de_poste,60,oise,DEP,112,103,-9,-8.03571428571429
bureau_de_poste,61,orne,DEP,37,34,-3,-8.10810810810811
bureau_de_poste,62,pas_de_calais,DEP,175,146,-29,-16.5714285714286
bureau_de_poste,63,puy_de_dome,DEP,110,104,-6,-5.45454545454545
bureau_de_poste,64,pyrenees_atlantiques,DEP,93,74,-19,-20.4301075268817
bureau_de_poste,65,hautes_pyrenees,DEP,45,42,-3,-6.66666666666667
bureau_de_poste,66,pyrenees_orientales,DEP,95,83,-12,-12.6315789473684
bureau_de_poste,67,bas_rhin,DEP,111,89,-22,-19.8198198198198
bureau_de_poste,68,haut_rhin,DEP,78,62,-16,-20.5128205128205
bureau_de_poste,69,rhone,DEP,151,126,-25,-16.5562913907285
bureau_de_poste,70,haute_saone,DEP,37,29,-8,-21.6216216216216
bureau_de_poste,71,saone_et_loire,DEP,83,66,-17,-20.4819277108434
bureau_de_poste,72,sarthe,DEP,57,43,-14,-24.5614035087719
bureau_de_poste,73,savoie,DEP,65,53,-12,-18.4615384615385
bureau_de_poste,74,haute_savoie,DEP,87,77,-10,-11.4942528735632
bureau_de_poste,75,paris,DEP,155,131,-24,-15.4838709677419
bureau_de_poste,76,seine_maritime,DEP,136,125,-11,-8.08823529411765
bureau_de_poste,77,seine_et_marne,DEP,163,137,-26,-15.9509202453988
bureau_de_poste,78,yvelines,DEP,111,87,-24,-21.6216216216216
bureau_de_poste,79,deux_sevres,DEP,45,40,-5,-11.1111111111111
bureau_de_poste,80,somme,DEP,81,65,-16,-19.7530864197531
bureau_de_poste,81,tarn,DEP,54,46,-8,-14.8148148148148
bureau_de_poste,82,tarn_et_garonne,DEP,50,43,-7,-14
bureau_de_poste,83,var,DEP,143,107,-36,-25.1748251748252
bureau_de_poste,84,vaucluse,DEP,90,70,-20,-22.2222222222222
bureau_de_poste,85,vendee,DEP,67,47,-20,-29.8507462686567
bureau_de_poste,86,vienne,DEP,71,50,-21,-29.5774647887324
bureau_de_poste,87,haute_vienne,DEP,64,55,-9,-14.0625
bureau_de_poste,88,vosges,DEP,57,44,-13,-22.8070175438596
bureau_de_poste,89,yonne,DEP,39,31,-8,-20.5128205128205
bureau_de_poste,90,territoire_de_belfort,DEP,18,12,-6,-33.3333333333333
bureau_de_poste,91,essonne,DEP,98,90,-8,-8.16326530612245
bureau_de_poste,92,hauts_de_seine,DEP,90,75,-15,-16.6666666666667
bureau_de_poste,93,seine_saint_denis,DEP,94,92,-2,-2.12765957446809
bureau_de_poste,94,val_de_marne,DEP,88,75,-13,-14.7727272727273
bureau_de_poste,95,val_d'oise,DEP,100,79,-21,-21
bureau_de_poste,971,guadeloupe,DEP,45,42,-3,-6.66666666666667
bureau_de_poste,972,martinique,DEP,44,40,-4,-9.09090909090909
bureau_de_poste,973,guyane,DEP,23,22,-1,-4.34782608695652
bureau_de_poste,974,la_reunion,DEP,78,68,-10,-12.8205128205128
bureau_de_poste,976,mayotte,DEP,15,14,-1,-6.66666666666667
police_gendarmerie,F,france_entiere,FRANCE,3853,3854,1,0.025953802232027
police_gendarmerie,FM,france_metropole,FRANCE,3750,3750,0,0
police_gendarmerie,01,ain,DEP,44,44,0,0
police_gendarmerie,02,aisne,DEP,44,44,0,0
police_gendarmerie,03,allier,DEP,31,30,-1,-3.2258064516129
police_gendarmerie,04,alpes_de_haute_provence,DEP,29,29,0,0
police_gendarmerie,05,hautes_alpes,DEP,21,21,0,0
police_gendarmerie,06,alpes_maritimes,DEP,44,42,-2,-4.54545454545455
police_gendarmerie,07,ardeche,DEP,37,35,-2,-5.40540540540541
police_gendarmerie,08,ardennes,DEP,34,33,-1,-2.94117647058824
police_gendarmerie,09,ariege,DEP,22,21,-1,-4.54545454545455
police_gendarmerie,10,aube,DEP,27,27,0,0
police_gendarmerie,11,aude,DEP,36,33,-3,-8.33333333333333
police_gendarmerie,12,aveyron,DEP,44,43,-1,-2.27272727272727
police_gendarmerie,13,bouches_du_rhone,DEP,48,48,0,0
police_gendarmerie,14,calvados,DEP,41,41,0,0
police_gendarmerie,15,cantal,DEP,27,27,0,0
police_gendarmerie,16,charente,DEP,30,29,-1,-3.33333333333333
police_gendarmerie,17,charente_maritime,DEP,46,45,-1,-2.17391304347826
police_gendarmerie,18,cher,DEP,28,27,-1,-3.57142857142857
police_gendarmerie,19,correze,DEP,32,31,-1,-3.125
police_gendarmerie,21,cote_d'or,DEP,32,32,0,0
police_gendarmerie,22,cotes_d'armor,DEP,42,42,0,0
police_gendarmerie,23,creuse,DEP,25,25,0,0
police_gendarmerie,24,dordogne,DEP,48,46,-2,-4.16666666666667
police_gendarmerie,25,doubs,DEP,36,36,0,0
police_gendarmerie,26,drome,DEP,39,39,0,0
police_gendarmerie,27,eure,DEP,39,39,0,0
police_gendarmerie,28,eure_et_loir,DEP,37,35,-2,-5.40540540540541
police_gendarmerie,29,finistere,DEP,50,50,0,0
police_gendarmerie,2A,corse_du_sud,DEP,18,18,0,0
police_gendarmerie,2B,haute_corse,DEP,21,21,0,0
police_gendarmerie,30,gard,DEP,48,46,-2,-4.16666666666667
police_gendarmerie,31,haute_garonne,DEP,67,65,-2,-2.98507462686567
police_gendarmerie,32,gers,DEP,28,27,-1,-3.57142857142857
police_gendarmerie,33,gironde,DEP,79,77,-2,-2.53164556962025
police_gendarmerie,34,herault,DEP,44,43,-1,-2.27272727272727
police_gendarmerie,35,ille_et_vilaine,DEP,43,42,-1,-2.32558139534884
police_gendarmerie,36,indre,DEP,24,24,0,0
police_gendarmerie,37,indre_et_loire,DEP,34,34,0,0
police_gendarmerie,38,isere,DEP,60,61,1,1.66666666666667
police_gendarmerie,39,jura,DEP,31,31,0,0
police_gendarmerie,40,landes,DEP,36,36,0,0
police_gendarmerie,41,loir_et_cher,DEP,26,26,0,0
police_gendarmerie,42,loire,DEP,38,37,-1,-2.63157894736842
police_gendarmerie,43,haute_loire,DEP,30,29,-1,-3.33333333333333
police_gendarmerie,44,loire_atlantique,DEP,49,49,0,0
police_gendarmerie,45,loiret,DEP,32,32,0,0
police_gendarmerie,46,lot,DEP,25,24,-1,-4
police_gendarmerie,47,lot_et_garonne,DEP,36,34,-2,-5.55555555555556
police_gendarmerie,48,lozere,DEP,25,25,0,0
police_gendarmerie,49,maine_et_loire,DEP,40,40,0,0
police_gendarmerie,50,manche,DEP,43,43,0,0
police_gendarmerie,51,marne,DEP,40,40,0,0
police_gendarmerie,52,haute_marne,DEP,25,25,0,0
police_gendarmerie,53,mayenne,DEP,26,26,0,0
police_gendarmerie,54,meurthe_et_moselle,DEP,54,54,0,0
police_gendarmerie,55,meuse,DEP,26,25,-1,-3.84615384615385
police_gendarmerie,56,morbihan,DEP,39,39,0,0
police_gendarmerie,57,moselle,DEP,71,70,-1,-1.40845070422535
police_gendarmerie,58,nievre,DEP,30,29,-1,-3.33333333333333
police_gendarmerie,59,nord,DEP,119,119,0,0
police_gendarmerie,60,oise,DEP,47,46,-1,-2.12765957446809
police_gendarmerie,61,orne,DEP,30,30,0,0
police_gendarmerie,62,pas_de_calais,DEP,85,78,-7,-8.23529411764706
police_gendarmerie,63,puy_de_dome,DEP,52,52,0,0
police_gendarmerie,64,pyrenees_atlantiques,DEP,47,46,-1,-2.12765957446809
police_gendarmerie,65,hautes_pyrenees,DEP,22,21,-1,-4.54545454545455
police_gendarmerie,66,pyrenees_orientales,DEP,32,32,0,0
police_gendarmerie,67,bas_rhin,DEP,43,43,0,0
police_gendarmerie,68,haut_rhin,DEP,42,41,-1,-2.38095238095238
police_gendarmerie,69,rhone,DEP,59,59,0,0
police_gendarmerie,70,haute_saone,DEP,29,29,0,0
police_gendarmerie,71,saone_et_loire,DEP,47,47,0,0
police_gendarmerie,72,sarthe,DEP,39,38,-1,-2.56410256410256
police_gendarmerie,73,savoie,DEP,31,31,0,0
police_gendarmerie,74,haute_savoie,DEP,39,39,0,0
police_gendarmerie,75,paris,DEP,129,111,-18,-13.953488372093
police_gendarmerie,76,seine_maritime,DEP,81,80,-1,-1.23456790123457
police_gendarmerie,77,seine_et_marne,DEP,49,48,-1,-2.04081632653061
police_gendarmerie,78,yvelines,DEP,42,42,0,0
police_gendarmerie,79,deux_sevres,DEP,30,30,0,0
police_gendarmerie,80,somme,DEP,40,39,-1,-2.5
police_gendarmerie,81,tarn,DEP,37,36,-1,-2.7027027027027
police_gendarmerie,82,tarn_et_garonne,DEP,24,23,-1,-4.16666666666667
police_gendarmerie,83,var,DEP,38,38,0,0
police_gendarmerie,84,vaucluse,DEP,28,28,0,0
police_gendarmerie,85,vendee,DEP,33,33,0,0
police_gendarmerie,86,vienne,DEP,28,26,-2,-7.14285714285714
police_gendarmerie,87,haute_vienne,DEP,31,30,-1,-3.2258064516129
police_gendarmerie,88,vosges,DEP,33,33,0,0
police_gendarmerie,89,yonne,DEP,36,36,0,0
police_gendarmerie,90,territoire_de_belfort,DEP,9,9,0,0
police_gendarmerie,91,essonne,DEP,40,40,0,0
police_gendarmerie,92,hauts_de_seine,DEP,24,50,26,108.333333333333
police_gendarmerie,93,seine_saint_denis,DEP,1,27,26,2600
police_gendarmerie,94,val_de_marne,DEP,22,43,21,95.4545454545455
police_gendarmerie,95,val_d'oise,DEP,31,31,0,0
police_gendarmerie,971,guadeloupe,DEP,22,23,1,4.54545454545455
police_gendarmerie,972,martinique,DEP,23,23,0,0
police_gendarmerie,973,guyane,DEP,17,17,0,0
police_gendarmerie,974,la_reunion,DEP,35,34,-1,-2.85714285714286
police_gendarmerie,976,mayotte,DEP,6,7,1,16.6666666666667
urgences,F,france_entiere,FRANCE,698,700,2,0.286532951289398
urgences,FM,france_metropole,FRANCE,682,684,2,0.293255131964809
urgences,01,ain,DEP,5,5,0,0
urgences,02,aisne,DEP,8,8,0,0
urgences,03,allier,DEP,4,3,-1,-25
urgences,04,alpes_de_haute_provence,DEP,3,3,0,0
urgences,05,hautes_alpes,DEP,3,3,0,0
urgences,06,alpes_maritimes,DEP,13,12,-1,-7.69230769230769
urgences,07,ardeche,DEP,4,4,0,0
urgences,08,ardennes,DEP,5,5,0,0
urgences,09,ariege,DEP,3,3,0,0
urgences,10,aube,DEP,3,3,0,0
urgences,11,aude,DEP,7,7,0,0
urgences,12,aveyron,DEP,5,5,0,0
urgences,13,bouches_du_rhone,DEP,23,23,0,0
urgences,14,calvados,DEP,9,8,-1,-11.1111111111111
urgences,15,cantal,DEP,4,3,-1,-25
urgences,16,charente,DEP,5,5,0,0
urgences,17,charente_maritime,DEP,10,10,0,0
urgences,18,cher,DEP,3,3,0,0
urgences,19,correze,DEP,2,4,2,100
urgences,21,cote_d'or,DEP,5,5,0,0
urgences,22,cotes_d'armor,DEP,5,5,0,0
urgences,23,creuse,DEP,1,2,1,100
urgences,24,dordogne,DEP,4,4,0,0
urgences,25,doubs,DEP,2,2,0,0
urgences,26,drome,DEP,6,6,0,0
urgences,27,eure,DEP,8,8,0,0
urgences,28,eure_et_loir,DEP,5,5,0,0
urgences,29,finistere,DEP,12,13,1,8.33333333333333
urgences,2A,corse_du_sud,DEP,4,5,1,25
urgences,2B,haute_corse,DEP,4,5,1,25
urgences,30,gard,DEP,5,5,0,0
urgences,31,haute_garonne,DEP,9,10,1,11.1111111111111
urgences,32,gers,DEP,3,3,0,0
urgences,33,gironde,DEP,13,16,3,23.0769230769231
urgences,34,herault,DEP,18,18,0,0
urgences,35,ille_et_vilaine,DEP,8,8,0,0
urgences,36,indre,DEP,5,5,0,0
urgences,37,indre_et_loire,DEP,10,9,-1,-10
urgences,38,isere,DEP,12,12,0,0
urgences,39,jura,DEP,5,5,0,0
urgences,40,landes,DEP,8,8,0,0
urgences,41,loir_et_cher,DEP,3,3,0,0
urgences,42,loire,DEP,10,9,-1,-10
urgences,43,haute_loire,DEP,2,2,0,0
urgences,44,loire_atlantique,DEP,6,6,0,0
urgences,45,loiret,DEP,5,5,0,0
urgences,46,lot,DEP,4,4,0,0
urgences,47,lot_et_garonne,DEP,5,5,0,0
urgences,48,lozere,DEP,1,1,0,0
urgences,49,maine_et_loire,DEP,4,4,0,0
urgences,50,manche,DEP,7,7,0,0
urgences,51,marne,DEP,8,8,0,0
urgences,52,haute_marne,DEP,3,3,0,0
urgences,53,mayenne,DEP,3,3,0,0
urgences,54,meurthe_et_moselle,DEP,9,8,-1,-11.1111111111111
urgences,55,meuse,DEP,2,2,0,0
urgences,56,morbihan,DEP,5,5,0,0
urgences,57,moselle,DEP,9,9,0,0
urgences,58,nievre,DEP,5,5,0,0
urgences,59,nord,DEP,23,23,0,0
urgences,60,oise,DEP,7,7,0,0
urgences,61,orne,DEP,7,7,0,0
urgences,62,pas_de_calais,DEP,11,11,0,0
urgences,63,puy_de_dome,DEP,7,7,0,0
urgences,64,pyrenees_atlantiques,DEP,9,9,0,0
urgences,65,hautes_pyrenees,DEP,6,5,-1,-16.6666666666667
urgences,66,pyrenees_orientales,DEP,7,7,0,0
urgences,67,bas_rhin,DEP,8,8,0,0
urgences,68,haut_rhin,DEP,7,6,-1,-14.2857142857143
urgences,69,rhone,DEP,18,17,-1,-5.55555555555556
urgences,70,haute_saone,DEP,4,4,0,0
urgences,71,saone_et_loire,DEP,5,6,1,20
urgences,72,sarthe,DEP,7,7,0,0
urgences,73,savoie,DEP,9,9,0,0
urgences,74,haute_savoie,DEP,10,9,-1,-10
urgences,75,paris,DEP,16,16,0,0
urgences,76,seine_maritime,DEP,13,13,0,0
urgences,77,seine_et_marne,DEP,11,11,0,0
urgences,78,yvelines,DEP,12,11,-1,-8.33333333333333
urgences,79,deux_sevres,DEP,4,5,1,25
urgences,80,somme,DEP,6,6,0,0
urgences,81,tarn,DEP,5,5,0,0
urgences,82,tarn_et_garonne,DEP,3,3,0,0
urgences,83,var,DEP,10,10,0,0
urgences,84,vaucluse,DEP,10,10,0,0
urgences,85,vendee,DEP,7,7,0,0
urgences,86,vienne,DEP,5,5,0,0
urgences,87,haute_vienne,DEP,7,7,0,0
urgences,88,vosges,DEP,6,6,0,0
urgences,89,yonne,DEP,5,5,0,0
urgences,90,territoire_de_belfort,DEP,1,1,0,0
urgences,91,essonne,DEP,12,12,0,0
urgences,92,hauts_de_seine,DEP,12,13,1,8.33333333333333
urgences,93,seine_saint_denis,DEP,12,12,0,0
urgences,94,val_de_marne,DEP,9,10,1,11.1111111111111
urgences,95,val_d'oise,DEP,9,9,0,0
urgences,971,guadeloupe,DEP,5,5,0,0
urgences,972,martinique,DEP,3,3,0,0
urgences,973,guyane,DEP,3,3,0,0
urgences,974,la_reunion,DEP,4,4,0,0
urgences,976,mayotte,DEP,1,1,0,0
maternite,F,france_entiere,FRANCE,510,465,-45,-8.82352941176471
maternite,FM,france_metropole,FRANCE,487,444,-43,-8.82956878850103
maternite,01,ain,DEP,4,4,0,0
maternite,02,aisne,DEP,6,5,-1,-16.6666666666667
maternite,03,allier,DEP,3,3,0,0
maternite,04,alpes_de_haute_provence,DEP,2,2,0,0
maternite,05,hautes_alpes,DEP,2,2,0,0
maternite,06,alpes_maritimes,DEP,7,6,-1,-14.2857142857143
maternite,07,ardeche,DEP,4,2,-2,-50
maternite,08,ardennes,DEP,2,2,0,0
maternite,09,ariege,DEP,2,2,0,0
maternite,10,aube,DEP,3,3,0,0
maternite,11,aude,DEP,3,2,-1,-33.3333333333333
maternite,12,aveyron,DEP,4,4,0,0
maternite,13,bouches_du_rhone,DEP,14,13,-1,-7.14285714285714
maternite,14,calvados,DEP,4,4,0,0
maternite,15,cantal,DEP,2,2,0,0
maternite,16,charente,DEP,3,4,1,33.3333333333333
maternite,17,charente_maritime,DEP,4,3,-1,-25
maternite,18,cher,DEP,4,4,0,0
maternite,19,correze,DEP,4,3,-1,-25
maternite,21,cote_d'or,DEP,4,4,0,0
maternite,22,cotes_d'armor,DEP,5,4,-1,-20
maternite,23,creuse,DEP,1,1,0,0
maternite,24,dordogne,DEP,3,3,0,0
maternite,25,doubs,DEP,3,3,0,0
maternite,26,drome,DEP,3,3,0,0
maternite,27,eure,DEP,4,3,-1,-25
maternite,28,eure_et_loir,DEP,3,2,-1,-33.3333333333333
maternite,29,finistere,DEP,6,6,0,0
maternite,2A,corse_du_sud,DEP,2,2,0,0
maternite,2B,haute_corse,DEP,2,1,-1,-50
maternite,30,gard,DEP,5,4,-1,-20
maternite,31,haute_garonne,DEP,8,8,0,0
maternite,32,gers,DEP,1,1,0,0
maternite,33,gironde,DEP,11,11,0,0
maternite,34,herault,DEP,8,8,0,0
maternite,35,ille_et_vilaine,DEP,7,7,0,0
maternite,36,indre,DEP,2,1,-1,-50
maternite,37,indre_et_loire,DEP,3,3,0,0
maternite,38,isere,DEP,8,8,0,0
maternite,39,jura,DEP,3,2,-1,-33.3333333333333
maternite,40,landes,DEP,2,2,0,0
maternite,41,loir_et_cher,DEP,4,4,0,0
maternite,42,loire,DEP,6,6,0,0
maternite,43,haute_loire,DEP,1,1,0,0
maternite,44,loire_atlantique,DEP,7,7,0,0
maternite,45,loiret,DEP,4,4,0,0
maternite,46,lot,DEP,1,1,0,0
maternite,47,lot_et_garonne,DEP,4,3,-1,-25
maternite,48,lozere,DEP,1,1,0,0
maternite,49,maine_et_loire,DEP,5,5,0,0
maternite,50,manche,DEP,3,3,0,0
maternite,51,marne,DEP,6,4,-2,-33.3333333333333
maternite,52,haute_marne,DEP,3,2,-1,-33.3333333333333
maternite,53,mayenne,DEP,3,3,0,0
maternite,54,meurthe_et_moselle,DEP,6,6,0,0
maternite,55,meuse,DEP,2,1,-1,-50
maternite,56,morbihan,DEP,5,5,0,0
maternite,57,moselle,DEP,7,7,0,0
maternite,58,nievre,DEP,1,1,0,0
maternite,59,nord,DEP,23,20,-3,-13.0434782608696
maternite,60,oise,DEP,6,4,-2,-33.3333333333333
maternite,61,orne,DEP,4,4,0,0
maternite,62,pas_de_calais,DEP,12,10,-2,-16.6666666666667
maternite,63,puy_de_dome,DEP,4,4,0,0
maternite,64,pyrenees_atlantiques,DEP,5,5,0,0
maternite,65,hautes_pyrenees,DEP,2,2,0,0
maternite,66,pyrenees_orientales,DEP,3,2,-1,-33.3333333333333
maternite,67,bas_rhin,DEP,7,8,1,14.2857142857143
maternite,68,haut_rhin,DEP,7,4,-3,-42.8571428571429
maternite,69,rhone,DEP,14,12,-2,-14.2857142857143
maternite,70,haute_saone,DEP,1,1,0,0
maternite,71,saone_et_loire,DEP,5,4,-1,-20
maternite,72,sarthe,DEP,3,3,0,0
maternite,73,savoie,DEP,4,4,0,0
maternite,74,haute_savoie,DEP,8,7,-1,-12.5
maternite,75,paris,DEP,16,15,-1,-6.25
maternite,76,seine_maritime,DEP,10,9,-1,-10
maternite,77,seine_et_marne,DEP,8,8,0,0
maternite,78,yvelines,DEP,10,9,-1,-10
maternite,79,deux_sevres,DEP,3,2,-1,-33.3333333333333
maternite,80,somme,DEP,4,4,0,0
maternite,81,tarn,DEP,4,3,-1,-25
maternite,82,tarn_et_garonne,DEP,3,2,-1,-33.3333333333333
maternite,83,var,DEP,7,7,0,0
maternite,84,vaucluse,DEP,6,6,0,0
maternite,85,vendee,DEP,5,5,0,0
maternite,86,vienne,DEP,3,3,0,0
maternite,87,haute_vienne,DEP,3,3,0,0
maternite,88,vosges,DEP,5,4,-1,-20
maternite,89,yonne,DEP,2,2,0,0
maternite,90,territoire_de_belfort,DEP,1,1,0,0
maternite,91,essonne,DEP,10,9,-1,-10
maternite,92,hauts_de_seine,DEP,12,10,-2,-16.6666666666667
maternite,93,seine_saint_denis,DEP,11,11,0,0
maternite,94,val_de_marne,DEP,8,8,0,0
maternite,95,val_d'oise,DEP,8,8,0,0
maternite,971,guadeloupe,DEP,4,3,-1,-25
maternite,972,martinique,DEP,4,3,-1,-25
maternite,973,guyane,DEP,3,3,0,0
maternite,974,la_reunion,DEP,7,7,0,0
maternite,976,mayotte,DEP,5,5,0,0
centre_de_sante,F,france_entiere,FRANCE,1975,3503,1528,77.3670886075949
centre_de_sante,FM,france_metropole,FRANCE,1964,3468,1504,76.5784114052953
centre_de_sante,01,ain,DEP,10,14,4,40
centre_de_sante,02,aisne,DEP,13,16,3,23.0769230769231
centre_de_sante,03,allier,DEP,8,10,2,25
centre_de_sante,04,alpes_de_haute_provence,DEP,5,5,0,0
centre_de_sante,05,hautes_alpes,DEP,6,5,-1,-16.6666666666667
centre_de_sante,06,alpes_maritimes,DEP,24,57,33,137.5
centre_de_sante,07,ardeche,DEP,7,13,6,85.7142857142857
centre_de_sante,08,ardennes,DEP,9,7,-2,-22.2222222222222
centre_de_sante,09,ariege,DEP,3,5,2,66.6666666666667
centre_de_sante,10,aube,DEP,7,9,2,28.5714285714286
centre_de_sante,11,aude,DEP,4,10,6,150
centre_de_sante,12,aveyron,DEP,32,30,-2,-6.25
centre_de_sante,13,bouches_du_rhone,DEP,59,110,51,86.4406779661017
centre_de_sante,14,calvados,DEP,18,37,19,105.555555555556
centre_de_sante,15,cantal,DEP,5,7,2,40
centre_de_sante,16,charente,DEP,9,25,16,177.777777777778
centre_de_sante,17,charente_maritime,DEP,11,13,2,18.1818181818182
centre_de_sante,18,cher,DEP,6,16,10,166.666666666667
centre_de_sante,19,correze,DEP,14,16,2,14.2857142857143
centre_de_sante,21,cote_d'or,DEP,10,19,9,90
centre_de_sante,22,cotes_d'armor,DEP,14,24,10,71.4285714285714
centre_de_sante,23,creuse,DEP,1,3,2,200
centre_de_sante,24,dordogne,DEP,3,15,12,400
centre_de_sante,25,doubs,DEP,30,34,4,13.3333333333333
centre_de_sante,26,drome,DEP,17,24,7,41.1764705882353
centre_de_sante,27,eure,DEP,18,20,2,11.1111111111111
centre_de_sante,28,eure_et_loir,DEP,5,12,7,140
centre_de_sante,29,finistere,DEP,35,48,13,37.1428571428571
centre_de_sante,2A,corse_du_sud,DEP,2,4,2,100
centre_de_sante,2B,haute_corse,DEP,5,5,0,0
centre_de_sante,30,gard,DEP,23,36,13,56.5217391304348
centre_de_sante,31,haute_garonne,DEP,30,57,27,90
centre_de_sante,32,gers,DEP,2,7,5,250
centre_de_sante,33,gironde,DEP,22,62,40,181.818181818182
centre_de_sante,34,herault,DEP,25,40,15,60
centre_de_sante,35,ille_et_vilaine,DEP,24,38,14,58.3333333333333
centre_de_sante,36,indre,DEP,5,10,5,100
centre_de_sante,37,indre_et_loire,DEP,15,26,11,73.3333333333333
centre_de_sante,38,isere,DEP,42,55,13,30.952380952381
centre_de_sante,39,jura,DEP,11,18,7,63.6363636363636
centre_de_sante,40,landes,DEP,9,13,4,44.4444444444444
centre_de_sante,41,loir_et_cher,DEP,11,19,8,72.7272727272727
centre_de_sante,42,loire,DEP,36,45,9,25
centre_de_sante,43,haute_loire,DEP,7,8,1,14.2857142857143
centre_de_sante,44,loire_atlantique,DEP,41,53,12,29.2682926829268
centre_de_sante,45,loiret,DEP,9,22,13,144.444444444444
centre_de_sante,46,lot,DEP,3,8,5,166.666666666667
centre_de_sante,47,lot_et_garonne,DEP,6,14,8,133.333333333333
centre_de_sante,48,lozere,DEP,7,8,1,14.2857142857143
centre_de_sante,49,maine_et_loire,DEP,31,39,8,25.8064516129032
centre_de_sante,50,manche,DEP,8,13,5,62.5
centre_de_sante,51,marne,DEP,14,25,11,78.5714285714286
centre_de_sante,52,haute_marne,DEP,6,6,0,0
centre_de_sante,53,mayenne,DEP,9,10,1,11.1111111111111
centre_de_sante,54,meurthe_et_moselle,DEP,18,33,15,83.3333333333333
centre_de_sante,55,meuse,DEP,5,6,1,20
centre_de_sante,56,morbihan,DEP,16,28,12,75
centre_de_sante,57,moselle,DEP,57,47,-10,-17.5438596491228
centre_de_sante,58,nievre,DEP,13,13,0,0
centre_de_sante,59,nord,DEP,87,119,32,36.7816091954023
centre_de_sante,60,oise,DEP,10,42,32,320
centre_de_sante,61,orne,DEP,11,12,1,9.09090909090909
centre_de_sante,62,pas_de_calais,DEP,76,77,1,1.31578947368421
centre_de_sante,63,puy_de_dome,DEP,18,27,9,50
centre_de_sante,64,pyrenees_atlantiques,DEP,13,25,12,92.3076923076923
centre_de_sante,65,hautes_pyrenees,DEP,2,9,7,350
centre_de_sante,66,pyrenees_orientales,DEP,6,18,12,200
centre_de_sante,67,bas_rhin,DEP,40,60,20,50
centre_de_sante,68,haut_rhin,DEP,36,41,5,13.8888888888889
centre_de_sante,69,rhone,DEP,46,106,60,130.434782608696
centre_de_sante,70,haute_saone,DEP,12,19,7,58.3333333333333
centre_de_sante,71,saone_et_loire,DEP,24,23,-1,-4.16666666666667
centre_de_sante,72,sarthe,DEP,13,17,4,30.7692307692308
centre_de_sante,73,savoie,DEP,8,7,-1,-12.5
centre_de_sante,74,haute_savoie,DEP,14,23,9,64.2857142857143
centre_de_sante,75,paris,DEP,147,316,169,114.965986394558
centre_de_sante,76,seine_maritime,DEP,35,59,24,68.5714285714286
centre_de_sante,77,seine_et_marne,DEP,8,67,59,737.5
centre_de_sante,78,yvelines,DEP,17,70,53,311.764705882353
centre_de_sante,79,deux_sevres,DEP,6,7,1,16.6666666666667
centre_de_sante,80,somme,DEP,4,15,11,275
centre_de_sante,81,tarn,DEP,18,19,1,5.55555555555556
centre_de_sante,82,tarn_et_garonne,DEP,4,8,4,100
centre_de_sante,83,var,DEP,15,31,16,106.666666666667
centre_de_sante,84,vaucluse,DEP,14,24,10,71.4285714285714
centre_de_sante,85,vendee,DEP,30,39,9,30
centre_de_sante,86,vienne,DEP,12,13,1,8.33333333333333
centre_de_sante,87,haute_vienne,DEP,21,23,2,9.52380952380952
centre_de_sante,88,vosges,DEP,6,6,0,0
centre_de_sante,89,yonne,DEP,6,14,8,133.333333333333
centre_de_sante,90,territoire_de_belfort,DEP,7,9,2,28.5714285714286
centre_de_sante,91,essonne,DEP,26,84,58,223.076923076923
centre_de_sante,92,hauts_de_seine,DEP,77,186,109,141.558441558442
centre_de_sante,93,seine_saint_denis,DEP,109,233,124,113.761467889908
centre_de_sante,94,val_de_marne,DEP,63,142,79,125.396825396825
centre_de_sante,95,val_d'oise,DEP,28,106,78,278.571428571429
centre_de_sante,971,guadeloupe,DEP,6,10,4,66.6666666666667
centre_de_sante,972,martinique,DEP,4,10,6,150
centre_de_sante,973,guyane,DEP,0,5,5,
centre_de_sante,974,la_reunion,DEP,1,7,6,600
centre_de_sante,976,mayotte,DEP,0,3,3,
panier,F,france_entiere,FRANCE,86069,86770,701,0.814462814718424
panier,FM,france_metropole,FRANCE,84013,84607,594,0.70703343530168
panier,01,ain,DEP,681,671,-10,-1.46842878120411
panier,02,aisne,DEP,678,653,-25,-3.68731563421829
panier,03,allier,DEP,522,500,-22,-4.21455938697318
panier,04,alpes_de_haute_provence,DEP,344,324,-20,-5.81395348837209
panier,05,hautes_alpes,DEP,348,334,-14,-4.02298850574713
panier,06,alpes_maritimes,DEP,1699,1890,191,11.2419070041201
panier,07,ardeche,DEP,511,479,-32,-6.26223091976517
panier,08,ardennes,DEP,402,355,-47,-11.6915422885572
panier,09,ariege,DEP,291,288,-3,-1.03092783505155
panier,10,aube,DEP,337,336,-1,-0.29673590504451
panier,11,aude,DEP,647,616,-31,-4.79134466769706
panier,12,aveyron,DEP,520,528,8,1.53846153846154
panier,13,bouches_du_rhone,DEP,2985,3060,75,2.51256281407035
panier,14,calvados,DEP,907,960,53,5.84343991179713
panier,15,cantal,DEP,300,313,13,4.33333333333333
panier,16,charente,DEP,499,459,-40,-8.01603206412826
panier,17,charente_maritime,DEP,1005,1039,34,3.38308457711443
panier,18,cher,DEP,425,385,-40,-9.41176470588235
panier,19,correze,DEP,456,422,-34,-7.45614035087719
panier,21,cote_d'or,DEP,779,847,68,8.72913992297818
panier,22,cotes_d'armor,DEP,790,756,-34,-4.30379746835443
panier,23,creuse,DEP,247,229,-18,-7.28744939271255
panier,24,dordogne,DEP,670,630,-40,-5.97014925373134
panier,25,doubs,DEP,784,779,-5,-0.637755102040816
panier,26,drome,DEP,704,656,-48,-6.81818181818182
panier,27,eure,DEP,613,560,-53,-8.64600326264274
panier,28,eure_et_loir,DEP,455,413,-42,-9.23076923076923
panier,29,finistere,DEP,1241,1350,109,8.78323932312651
panier,2A,corse_du_sud,DEP,298,328,30,10.0671140939597
panier,2B,haute_corse,DEP,346,366,20,5.78034682080925
panier,30,gard,DEP,1017,938,-79,-7.76794493608653
panier,31,haute_garonne,DEP,1852,1890,38,2.05183585313175
panier,32,gers,DEP,320,299,-21,-6.5625
panier,33,gironde,DEP,2443,2743,300,12.2799836266885
panier,34,herault,DEP,1783,1808,25,1.40213123948402
panier,35,ille_et_vilaine,DEP,1323,1369,46,3.47694633408919
panier,36,indre,DEP,313,285,-28,-8.94568690095847
panier,37,indre_et_loire,DEP,871,905,34,3.90355912743972
panier,38,isere,DEP,1627,1675,48,2.95021511985249
panier,39,jura,DEP,404,417,13,3.21782178217822
panier,40,landes,DEP,630,710,80,12.6984126984127
panier,41,loir_et_cher,DEP,474,438,-36,-7.59493670886076
panier,42,loire,DEP,969,981,12,1.23839009287926
panier,43,haute_loire,DEP,374,389,15,4.01069518716578
panier,44,loire_atlantique,DEP,1739,1799,60,3.45025876940771
panier,45,loiret,DEP,654,637,-17,-2.59938837920489
panier,46,lot,DEP,311,289,-22,-7.07395498392283
panier,47,lot_et_garonne,DEP,451,411,-40,-8.86917960088692
panier,48,lozere,DEP,197,192,-5,-2.53807106598985
panier,49,maine_et_loire,DEP,1073,1104,31,2.88909599254427
panier,50,manche,DEP,582,553,-29,-4.98281786941581
panier,51,marne,DEP,749,752,3,0.400534045393859
panier,52,haute_marne,DEP,304,264,-40,-13.1578947368421
panier,53,mayenne,DEP,351,331,-20,-5.6980056980057
panier,54,meurthe_et_moselle,DEP,1038,1006,-32,-3.08285163776493
panier,55,meuse,DEP,297,289,-8,-2.69360269360269
panier,56,morbihan,DEP,990,1082,92,9.29292929292929
panier,57,moselle,DEP,1237,1187,-50,-4.04203718674212
panier,58,nievre,DEP,365,371,6,1.64383561643836
panier,59,nord,DEP,3273,3273,0,0
panier,60,oise,DEP,872,882,10,1.14678899082569
panier,61,orne,DEP,342,333,-9,-2.63157894736842
panier,62,pas_de_calais,DEP,1820,1702,-118,-6.48351648351648
panier,63,puy_de_dome,DEP,981,951,-30,-3.05810397553517
panier,64,pyrenees_atlantiques,DEP,1035,1110,75,7.2463768115942
panier,65,hautes_pyrenees,DEP,361,328,-33,-9.14127423822715
panier,66,pyrenees_orientales,DEP,794,758,-36,-4.53400503778338
panier,67,bas_rhin,DEP,1608,1645,37,2.30099502487562
panier,68,haut_rhin,DEP,912,870,-42,-4.60526315789474
panier,69,rhone,DEP,2281,2381,100,4.38404208680403
panier,70,haute_saone,DEP,379,368,-11,-2.9023746701847
panier,71,saone_et_loire,DEP,738,654,-84,-11.3821138211382
panier,72,sarthe,DEP,652,615,-37,-5.67484662576687
panier,73,savoie,DEP,740,735,-5,-0.675675675675676
panier,74,haute_savoie,DEP,1029,1087,58,5.63654033041788
panier,75,paris,DEP,3027,3297,270,8.9197224975223
panier,76,seine_maritime,DEP,1556,1547,-9,-0.57840616966581
panier,77,seine_et_marne,DEP,1399,1499,100,7.14796283059328
panier,78,yvelines,DEP,1366,1307,-59,-4.31918008784773
panier,79,deux_sevres,DEP,453,436,-17,-3.75275938189845
panier,80,somme,DEP,835,818,-17,-2.03592814371257
panier,81,tarn,DEP,538,490,-48,-8.92193308550186
panier,82,tarn_et_garonne,DEP,370,347,-23,-6.21621621621622
panier,83,var,DEP,1404,1416,12,0.854700854700855
panier,84,vaucluse,DEP,734,693,-41,-5.5858310626703
panier,85,vendee,DEP,753,749,-4,-0.531208499335989
panier,86,vienne,DEP,663,641,-22,-3.31825037707391
panier,87,haute_vienne,DEP,676,628,-48,-7.10059171597633
panier,88,vosges,DEP,509,503,-6,-1.17878192534381
panier,89,yonne,DEP,460,447,-13,-2.82608695652174
panier,90,territoire_de_belfort,DEP,159,150,-9,-5.66037735849057
panier,91,essonne,DEP,1137,1118,-19,-1.67106420404573
panier,92,hauts_de_seine,DEP,1442,1538,96,6.65742024965326
panier,93,seine_saint_denis,DEP,1233,1311,78,6.32603406326034
panier,94,val_de_marne,DEP,1155,1228,73,6.32034632034632
panier,95,val_d'oise,DEP,1105,1112,7,0.633484162895928
panier,971,guadeloupe,DEP,403,418,15,3.72208436724566
panier,972,martinique,DEP,395,422,27,6.83544303797468
panier,973,guyane,DEP,187,172,-15,-8.02139037433155
panier,974,la_reunion,DEP,1005,1071,66,6.56716417910448
panier,976,mayotte,DEP,66,80,14,21.2121212121212
aeroport,F,france_entiere,FRANCE,84,93,9,10.7142857142857
aeroport,FM,france_metropole,FRANCE,75,82,7,9.33333333333333
aeroport,06,alpes_maritimes,DEP,2,2,0,0
aeroport,10,aube,DEP,1,1,0,0
aeroport,11,aude,DEP,1,1,0,0
aeroport,12,aveyron,DEP,1,1,0,0
aeroport,13,bouches_du_rhone,DEP,1,1,0,0
aeroport,14,calvados,DEP,2,2,0,0
aeroport,15,cantal,DEP,1,1,0,0
aeroport,17,charente_maritime,DEP,1,1,0,0
aeroport,19,correze,DEP,1,1,0,0
aeroport,21,cote_d'or,DEP,1,1,0,0
aeroport,22,cotes_d'armor,DEP,2,2,0,0
aeroport,24,dordogne,DEP,2,2,0,0
aeroport,29,finistere,DEP,3,3,0,0
aeroport,2A,corse_du_sud,DEP,2,2,0,0
aeroport,2B,haute_corse,DEP,2,2,0,0
aeroport,30,gard,DEP,1,1,0,0
aeroport,31,haute_garonne,DEP,1,1,0,0
aeroport,33,gironde,DEP,1,1,0,0
aeroport,34,herault,DEP,2,2,0,0
aeroport,35,ille_et_vilaine,DEP,2,2,0,0
aeroport,36,indre,DEP,1,1,0,0
aeroport,37,indre_et_loire,DEP,1,1,0,0
aeroport,38,isere,DEP,1,1,0,0
aeroport,39,jura,DEP,1,1,0,0
aeroport,42,loire,DEP,1,1,0,0
aeroport,43,haute_loire,DEP,1,1,0,0
aeroport,44,loire_atlantique,DEP,2,2,0,0
aeroport,45,loiret,DEP,0,1,1,
aeroport,47,lot_et_garonne,DEP,1,1,0,0
aeroport,49,maine_et_loire,DEP,1,1,0,0
aeroport,50,manche,DEP,1,1,0,0
aeroport,51,marne,DEP,1,1,0,0
aeroport,54,meurthe_et_moselle,DEP,0,1,1,
aeroport,56,morbihan,DEP,1,2,1,100
aeroport,57,moselle,DEP,1,1,0,0
aeroport,59,nord,DEP,2,2,0,0
aeroport,60,oise,DEP,1,1,0,0
aeroport,62,pas_de_calais,DEP,1,1,0,0
aeroport,63,puy_de_dome,DEP,1,1,0,0
aeroport,64,pyrenees_atlantiques,DEP,2,2,0,0
aeroport,65,hautes_pyrenees,DEP,1,1,0,0
aeroport,66,pyrenees_orientales,DEP,1,1,0,0
aeroport,67,bas_rhin,DEP,1,1,0,0
aeroport,68,haut_rhin,DEP,2,2,0,0
aeroport,69,rhone,DEP,2,2,0,0
aeroport,72,sarthe,DEP,1,1,0,0
aeroport,73,savoie,DEP,2,2,0,0
aeroport,74,haute_savoie,DEP,1,2,1,100
aeroport,76,seine_maritime,DEP,2,2,0,0
aeroport,77,seine_et_marne,DEP,0,1,1,
aeroport,80,somme,DEP,1,1,0,0
aeroport,81,tarn,DEP,1,1,0,0
aeroport,83,var,DEP,2,2,0,0
aeroport,84,vaucluse,DEP,1,1,0,0
aeroport,85,vendee,DEP,0,1,1,
aeroport,86,vienne,DEP,1,1,0,0
aeroport,87,haute_vienne,DEP,1,1,0,0
aeroport,88,vosges,DEP,1,1,0,0
aeroport,89,yonne,DEP,0,1,1,
aeroport,93,seine_saint_denis,DEP,1,1,0,0
aeroport,94,val_de_marne,DEP,1,1,0,0
aeroport,95,val_d'oise,DEP,1,1,0,0
aeroport,971,guadeloupe,DEP,1,2,1,100
aeroport,972,martinique,DEP,1,1,0,0
aeroport,973,guyane,DEP,4,5,1,25
aeroport,974,la_reunion,DEP,2,2,0,0
aeroport,976,mayotte,DEP,1,1,0,0
gares,F,france_entiere,FRANCE,2969,2941,-28,-0.943078477601886
gares,FM,france_metropole,FRANCE,2969,2941,-28,-0.943078477601886
gares,01,ain,DEP,38,38,0,0
gares,02,aisne,DEP,43,35,-8,-18.6046511627907
gares,03,allier,DEP,19,19,0,0
gares,04,alpes_de_haute_provence,DEP,29,18,-11,-37.9310344827586
gares,05,hautes_alpes,DEP,10,10,0,0
gares,06,alpes_maritimes,DEP,69,69,0,0
gares,08,ardennes,DEP,26,25,-1,-3.84615384615385
gares,09,ariege,DEP,12,12,0,0
gares,10,aube,DEP,5,5,0,0
gares,11,aude,DEP,13,13,0,0
gares,12,aveyron,DEP,19,19,0,0
gares,13,bouches_du_rhone,DEP,45,44,-1,-2.22222222222222
gares,14,calvados,DEP,20,20,0,0
gares,15,cantal,DEP,14,14,0,0
gares,16,charente,DEP,13,9,-4,-30.7692307692308
gares,17,charente_maritime,DEP,29,26,-3,-10.3448275862069
gares,18,cher,DEP,17,17,0,0
gares,19,correze,DEP,26,25,-1,-3.84615384615385
gares,21,cote_d'or,DEP,34,34,0,0
gares,22,cotes_d'armor,DEP,38,36,-2,-5.26315789473684
gares,23,creuse,DEP,12,12,0,0
gares,24,dordogne,DEP,40,37,-3,-7.5
gares,25,doubs,DEP,37,37,0,0
gares,26,drome,DEP,16,16,0,0
gares,27,eure,DEP,19,17,-2,-10.5263157894737
gares,28,eure_et_loir,DEP,29,29,0,0
gares,29,finistere,DEP,19,19,0,0
gares,2A,corse_du_sud,DEP,10,10,0,0
gares,2B,haute_corse,DEP,54,52,-2,-3.7037037037037
gares,30,gard,DEP,26,28,2,7.69230769230769
gares,31,haute_garonne,DEP,44,44,0,0
gares,32,gers,DEP,4,4,0,0
gares,33,gironde,DEP,65,67,2,3.07692307692308
gares,34,herault,DEP,21,21,0,0
gares,35,ille_et_vilaine,DEP,46,46,0,0
gares,36,indre,DEP,13,13,0,0
gares,37,indre_et_loire,DEP,45,45,0,0
gares,38,isere,DEP,42,42,0,0
gares,39,jura,DEP,21,21,0,0
gares,40,landes,DEP,15,15,0,0
gares,41,loir_et_cher,DEP,34,34,0,0
gares,42,loire,DEP,28,28,0,0
gares,43,haute_loire,DEP,18,18,0,0
gares,44,loire_atlantique,DEP,58,58,0,0
gares,45,loiret,DEP,21,21,0,0
gares,46,lot,DEP,18,18,0,0
gares,47,lot_et_garonne,DEP,12,10,-2,-16.6666666666667
gares,48,lozere,DEP,21,21,0,0
gares,49,maine_et_loire,DEP,21,21,0,0
gares,50,manche,DEP,11,10,-1,-9.09090909090909
gares,51,marne,DEP,29,24,-5,-17.2413793103448
gares,52,haute_marne,DEP,15,10,-5,-33.3333333333333
gares,53,mayenne,DEP,9,8,-1,-11.1111111111111
gares,54,meurthe_et_moselle,DEP,47,47,0,0
gares,55,meuse,DEP,11,11,0,0
gares,56,morbihan,DEP,11,19,8,72.7272727272727
gares,57,moselle,DEP,48,44,-4,-8.33333333333333
gares,58,nievre,DEP,25,25,0,0
gares,59,nord,DEP,117,110,-7,-5.98290598290598
gares,60,oise,DEP,62,69,7,11.2903225806452
gares,61,orne,DEP,12,11,-1,-8.33333333333333
gares,62,pas_de_calais,DEP,70,79,9,12.8571428571429
gares,63,puy_de_dome,DEP,26,26,0,0
gares,64,pyrenees_atlantiques,DEP,34,32,-2,-5.88235294117647
gares,65,hautes_pyrenees,DEP,7,6,-1,-14.2857142857143
gares,66,pyrenees_orientales,DEP,32,40,8,25
gares,67,bas_rhin,DEP,94,93,-1,-1.06382978723404
gares,68,haut_rhin,DEP,55,55,0,0
gares,69,rhone,DEP,60,61,1,1.66666666666667
gares,70,haute_saone,DEP,7,7,0,0
gares,71,saone_et_loire,DEP,38,36,-2,-5.26315789473684
gares,72,sarthe,DEP,29,28,-1,-3.44827586206897
gares,73,savoie,DEP,27,27,0,0
gares,74,haute_savoie,DEP,39,39,0,0
gares,75,paris,DEP,34,34,0,0
gares,76,seine_maritime,DEP,39,43,4,10.2564102564103
gares,77,seine_et_marne,DEP,74,74,0,0
gares,78,yvelines,DEP,79,75,-4,-5.06329113924051
gares,79,deux_sevres,DEP,14,14,0,0
gares,80,somme,DEP,36,36,0,0
gares,81,tarn,DEP,18,18,0,0
gares,82,tarn_et_garonne,DEP,13,13,0,0
gares,83,var,DEP,25,26,1,4
gares,84,vaucluse,DEP,17,18,1,5.88235294117647
gares,85,vendee,DEP,17,17,0,0
gares,86,vienne,DEP,24,24,0,0
gares,87,haute_vienne,DEP,36,36,0,0
gares,88,vosges,DEP,18,22,4,22.2222222222222
gares,89,yonne,DEP,25,25,0,0
gares,90,territoire_de_belfort,DEP,11,11,0,0
gares,91,essonne,DEP,70,70,0,0
gares,92,hauts_de_seine,DEP,43,43,0,0
gares,93,seine_saint_denis,DEP,31,30,-1,-3.2258064516129
gares,94,val_de_marne,DEP,34,34,0,0
gares,95,val_d'oise,DEP,68,69,1,1.47058823529412